5	0	POST	/api/4/envelope/	
55	0		/api/4/envelope/	200
71	2	POST	/api/4/envelope/	
75	2		/api/4/envelope/	200
100	4	GET	/app/v2/config/host	
102	4		/app/v2/config/host	200
110	5	POST	/app/upgrade	
112	5		/app/upgrade	200
162	9	GET	/app/channel/?top-level=true	
165	10	POST	/app/users/task	
167	9		/app/channel/?top-level=true	301
169	9	GET	/app/channel?top-level=true	
171	10		/app/users/task	200
175	10	POST	/app/messagebox/give_me	
180	9		/app/channel?top-level=true	200
182	10		/app/messagebox/give_me	200
184	9	GET	/app/banners/0	
186	10	GET	/app/video/list?channel=1&sort=weight&limit=6&page=1	
198	9		/app/banners/0	200
203	12	POST	/app/video/device-base	
207	11	GET	/app/video/list?channel=26&sort=weight&limit=6&page=1	
215	10		/app/video/list?channel=1&sort=weight&limit=6&page=1	200
223	13	GET	/app/video/list?channel=3&sort=weight&limit=6&page=1	
225	14	POST	/app/history/localcahce	
226	15	GET	/app/video/list?channel=2&sort=weight&limit=6&page=1	
233	16	POST	/app/video/record	
237	11		/app/video/list?channel=26&sort=weight&limit=6&page=1	200
243	12		/app/video/device-base	200
244	13		/app/video/list?channel=3&sort=weight&limit=6&page=1	200
245	14		/app/history/localcahce	200
253	15		/app/video/list?channel=2&sort=weight&limit=6&page=1	200
255	16		/app/video/record	200
257	16	GET	/app/config	
261	16		/app/config	200
266	16	POST	/app/config/channel	
272	16		/app/config/channel	200
276	17	GET	/t11fd4c3301b42cdf6028af4ff5.jpg	
313	16	POST	/app/users/clearimg	
323	17		/t11fd4c3301b42cdf6028af4ff5.jpg	200
325	16		/app/users/clearimg	200
357	18	GET	/app/video/detail?id=113244	
359	18		/app/video/detail?id=113244	200
361	18	GET	/app/video/list?channel=1&sort=addtime&limit=10&page=1	
373	18		/app/video/list?channel=1&sort=addtime&limit=10&page=1	200
415	19	GET	/t11fd4c33018bbe5f9a6e79bbb1.jpg	
417	20	GET	/t11fd4c3301937043517c1c3c91.jpg	
419	21	GET	/t11fd4c330152adc5a157ffdaed.jpg	
420	22	GET	/t11fd4c330121dd729d6018d245.jpg	
425	23	GET	/t11fd4c3301b2335aeb2754c350.jpg	
429	24	GET	/t11fd4c3301b3792f4fe56e97a4.jpg	
433	25	GET	/t11fd4c33010e682be8e0d85399.jpg	
455	19		/t11fd4c33018bbe5f9a6e79bbb1.jpg	200
578	20		/t11fd4c3301937043517c1c3c91.jpg	200
632	21		/t11fd4c330152adc5a157ffdaed.jpg	200
709	22		/t11fd4c330121dd729d6018d245.jpg	200
744	23		/t11fd4c3301b2335aeb2754c350.jpg	200
782	25		/t11fd4c33010e682be8e0d85399.jpg	200
814	24		/t11fd4c3301b3792f4fe56e97a4.jpg	200
844	31	POST	/app/video/record	
846	31		/app/video/record	200
850	31	POST	/app/video/play-connect	
852	31		/app/video/play-connect	200
856	31	POST	/app/messagebox/give_me	
858	31		/app/messagebox/give_me	200
862	31	POST	/app/video/play?id=113244&play=mp4&part=%E7%AC%AC1%E9%9B%86	
872	31		/app/video/play?id=113244&play=mp4&part=%E7%AC%AC1%E9%9B%86	200
877	31	POST	/app/video/device-base	
886	32	GET	/vo1v03.php?url=91b7780312b431a02167b%7C21b1b1572543f%7Ca18193e274040%7C3719352492e782&t=1790519328	
891	31		/app/video/device-base	200
893	32		/vo1v03.php?url=91b7780312b431a02167b%7C21b1b1572543f%7Ca18193e274040%7C3719352492e782&t=1790519328	200
2034	38	POST	/app/messagebox/give_me	
2051	39	POST	/app/messagebox/give_me	
2054	39		/app/messagebox/give_me	200
2056	38		/app/messagebox/give_me	200
2061	39	POST	/app/messagebox/give_me	
2063	39		/app/messagebox/give_me	200
2431	39	GET	/app/danmu?vid=113244&play=mp4&part=%E7%AC%AC1%E9%9B%86&start_time_point=0&end_time_point=60000	
2686	39		/app/danmu?vid=113244&play=mp4&part=%E7%AC%AC1%E9%9B%86&start_time_point=0&end_time_point=60000	200
2691	39	GET	/app/danmu?vid=113244&play=mp4&part=%E7%AC%AC1%E9%9B%86&start_time_point=60000&end_time_point=120000	
2800	39		/app/danmu?vid=113244&play=mp4&part=%E7%AC%AC1%E9%9B%86&start_time_point=60000&end_time_point=120000	200
6840	41	GET	/app/danmu?vid=113244&play=mp4&part=%E7%AC%AC1%E9%9B%86&start_time_point=120000&end_time_point=180000	
6859	41		/app/danmu?vid=113244&play=mp4&part=%E7%AC%AC1%E9%9B%86&start_time_point=120000&end_time_point=180000	200
7335	42	POST	/api/4/envelope/	
7337	42		/api/4/envelope/	200
